{
  "data": "Clima templado/cálido, 18-24°C esperados.",
  "expires_at": 1775012972.6504362,
  "created_at": 1774991372.650437
}